No,Search Term,Platform,Modifier Type,Modifier,Keyword,Language,Country,Search Vol.,CPC (US$)
1,"flats in sector 75 noida","Google","Alphabeticals","a","luxury apartments & flats in noida sector 75","hi","in","0","-"
2,"flats in sector 75 noida","Google","Alphabeticals","b","3 bhk flats in sector 75 noida","hi","in","20","0.21"
3,"flats in sector 75 noida","Google","Alphabeticals","b","2 bhk flats in sector 75 noida","hi","in","10","0.17"
4,"flats in sector 75 noida","Google","Alphabeticals","b","2 bhk flats in sector 75 noida for rent","hi","in","0","-"
5,"flats in sector 75 noida","Google","Alphabeticals","b","1 bhk flats in sector 75 noida","hi","in","0","-"
6,"flats in sector 75 noida","Google","Alphabeticals","b","4 bhk flats in sector 75 noida","hi","in","0","-"
7,"flats in sector 75 noida","Google","Alphabeticals","b","3 bhk flats for rent in sector 75 noida","hi","in","0","-"
8,"flats in sector 75 noida","Google","Alphabeticals","b","2 bhk flats in sector 74 75 76 noida for rent","hi","in","0","-"
9,"flats in sector 75 noida","Google","Alphabeticals","b","2 bhk flats in sector 75 noida for sale","hi","in","0","-"
10,"flats in sector 75 noida","Google","Alphabeticals","b","1 bhk flats in sector 75 noida for rent","hi","in","0","-"
11,"flats in sector 75 noida","Google","Alphabeticals","b","2 bhk flats in sector 74 75 76 noida for sale","hi","in","0","-"
12,"flats in sector 75 noida","Google","Alphabeticals","b","1 bhk flats in sector 74 75 76 noida for rent","hi","in","0","-"
13,"flats in sector 75 noida","Google","Alphabeticals","b","buy 3 bhk flats in noida sector 75","hi","in","0","-"
14,"flats in sector 75 noida","Google","Alphabeticals","f","flats in sector 74 75 76 noida for rent","hi","in","40","0.03"
15,"flats in sector 75 noida","Google","Alphabeticals","f","flats in sector 74 75 76 noida for sale","hi","in","30","0.26"
16,"flats in sector 75 noida","Google","Alphabeticals","f","flats in sector 75 noida for rent","hi","in","10","0.06"
17,"flats in sector 75 noida","Google","Alphabeticals","f","flats in sector 75 noida for sale","hi","in","0","-"
18,"flats in sector 75 noida","Google","Alphabeticals","f","2 bhk flats in sector 75 noida for rent","hi","in","0","-"
19,"flats in sector 75 noida","Google","Alphabeticals","f","2 bhk flats in sector 74 75 76 noida for rent","hi","in","0","-"
20,"flats in sector 75 noida","Google","Alphabeticals","f","3 bhk flats for rent in sector 75 noida","hi","in","0","-"
21,"flats in sector 75 noida","Google","Alphabeticals","f","2 bhk flats in sector 75 noida for sale","hi","in","0","-"
22,"flats in sector 75 noida","Google","Alphabeticals","f","1 bhk flats in sector 75 noida for rent","hi","in","0","-"
23,"flats in sector 75 noida","Google","Alphabeticals","f","2 bhk flats in sector 74 75 76 noida for sale","hi","in","0","-"
24,"flats in sector 75 noida","Google","Alphabeticals","f","1 bhk flats in sector 74 75 76 noida for rent","hi","in","0","-"
25,"flats in sector 75 noida","Google","Alphabeticals","i","flats in indosam sector 75 noida","hi","in","0","-"
26,"flats in sector 75 noida","Google","Alphabeticals","l","luxury apartments & flats in noida sector 75","hi","in","0","-"
27,"flats in sector 75 noida","Google","Alphabeticals","m","ready to move flats in noida sector 75","hi","in","10","0.31"
28,"flats in sector 75 noida","Google","Alphabeticals","o","flats on rent in sector 75 noida","hi","in","0","-"
29,"flats in sector 75 noida","Google","Alphabeticals","r","flats in sector 74 75 76 noida for rent","hi","in","40","0.03"
30,"flats in sector 75 noida","Google","Alphabeticals","r","resale flats in sector 75 noida","hi","in","10","0.17"
31,"flats in sector 75 noida","Google","Alphabeticals","r","ready to move flats in noida sector 75","hi","in","10","0.31"
32,"flats in sector 75 noida","Google","Alphabeticals","r","flats in sector 75 noida rent","hi","in","0","-"
33,"flats in sector 75 noida","Google","Alphabeticals","r","2 bhk flats in sector 75 noida for rent","hi","in","0","-"
34,"flats in sector 75 noida","Google","Alphabeticals","r","1 bhk flats in sector 75 noida for rent","hi","in","0","-"
35,"flats in sector 75 noida","Google","Alphabeticals","r","3 bhk flats for rent in sector 75 noida","hi","in","0","-"
36,"flats in sector 75 noida","Google","Alphabeticals","r","1 bhk flats in sector 74 75 76 noida for rent","hi","in","0","-"
37,"flats in sector 75 noida","Google","Alphabeticals","r","2 bhk flats in sector 74 75 76 noida for rent","hi","in","0","-"
38,"flats in sector 75 noida","Google","Alphabeticals","s","flats in sector 74 75 76 noida for sale","hi","in","30","0.26"
39,"flats in sector 75 noida","Google","Alphabeticals","s","flats in sector 75 noida for sale","hi","in","0","-"
40,"flats in sector 75 noida","Google","Alphabeticals","s","2 bhk flats in sector 75 noida for sale","hi","in","0","-"
41,"flats in sector 75 noida","Google","Alphabeticals","s","2 bhk flats in sector 74 75 76 noida for sale","hi","in","0","-"
42,"flats in sector 75 noida","Google","Alphabeticals","t","ready to move flats in noida sector 75","hi","in","10","0.31"
43,"flats in sector 75 noida","Google","Numbers","1","1 bhk flats in sector 75 noida","hi","in","0","-"
44,"flats in sector 75 noida","Google","Numbers","1","1 bhk flats in sector 75 noida for rent","hi","in","0","-"
45,"flats in sector 75 noida","Google","Numbers","1","1 bhk flats in sector 74 75 76 noida for rent","hi","in","0","-"
46,"flats in sector 75 noida","Google","Numbers","2","2 bhk flats in sector 75 noida","hi","in","10","0.17"
47,"flats in sector 75 noida","Google","Numbers","2","2 bhk flats in sector 75 noida for rent","hi","in","0","-"
48,"flats in sector 75 noida","Google","Numbers","2","2 bhk flats in sector 74 75 76 noida for rent","hi","in","0","-"
49,"flats in sector 75 noida","Google","Numbers","2","2 bhk flats in sector 75 noida for sale","hi","in","0","-"
50,"flats in sector 75 noida","Google","Numbers","2","2 bhk flats in sector 74 75 76 noida for sale","hi","in","0","-"
51,"flats in sector 75 noida","Google","Numbers","3","3 bhk flats in sector 75 noida","hi","in","20","0.21"
52,"flats in sector 75 noida","Google","Numbers","3","3 bhk flats for rent in sector 75 noida","hi","in","0","-"
53,"flats in sector 75 noida","Google","Numbers","3","buy 3 bhk flats in noida sector 75","hi","in","0","-"
54,"flats in sector 75 noida","Google","Numbers","4","4 bhk flats in sector 75 noida","hi","in","0","-"
55,"flats in sector 75 noida","Google","Numbers","7","flats in sector 74 75 76 noida for rent","hi","in","40","0.03"
56,"flats in sector 75 noida","Google","Numbers","7","flats in sector 74 75 76 noida for sale","hi","in","30","0.26"
57,"flats in sector 75 noida","Google","Numbers","7","2 bhk flats in sector 74 75 76 noida for rent","hi","in","0","-"
58,"flats in sector 75 noida","Google","Numbers","7","2 bhk flats in sector 74 75 76 noida for sale","hi","in","0","-"
59,"flats in sector 75 noida","Google","Numbers","7","1 bhk flats in sector 74 75 76 noida for rent","hi","in","0","-"
60,"flats in sector 75 noida","Google","Numbers","7","studio flats for rent in sector 74 75 76 noida","hi","in","0","-"
61,"flats in sector 75 noida","Google","Related","-","3 bhk flats in sector 75 noida","hi","in","20","0.21"
62,"flats in sector 75 noida","Bing","Alphabeticals","f","flats for rent in sector 75 noida","hi","in","40","0.04"
63,"flats in sector 75 noida","YouTube","Alphabeticals","b","3 bhk flats in noida sector 75","hi","in","20","0.21"
64,"flats in sector 75 noida","YouTube","Numbers","3","3 bhk flats in noida sector 75","hi","in","20","0.21"
